id	name	answer_image
35	english-06-t2-l05-ep05	english-06-t2-l05-ep05-q-2-a-1.jpg
35	english-06-t2-l05-ep05	english-06-t2-l05-ep05-q-2-a-2.jpg
35	english-06-t2-l05-ep05	english-06-t2-l05-ep05-q-2-a-3.jpg
35	english-06-t2-l05-ep05	english-06-t2-l05-ep05-q-2-a-4.jpg
128	ict-06-t1-l02-ep08	ict-06-t1-l02-ep08-q-5-a-1.jpg
128	ict-06-t1-l02-ep08	ict-06-t1-l02-ep08-q-5-a-2.jpg
128	ict-06-t1-l02-ep08	ict-06-t1-l02-ep08-q-5-a-3.jpg
128	ict-06-t1-l02-ep08	ict-06-t1-l02-ep08-q-5-a-4.jpg
129	ict-06-t1-l03-ep09	ict-06-t1-l03-ep09-q-2-a-1.jpg
129	ict-06-t1-l03-ep09	ict-06-t1-l03-ep09-q-2-a-2.jpg
129	ict-06-t1-l03-ep09	ict-06-t1-l03-ep09-q-2-a-3.jpg
129	ict-06-t1-l03-ep09	ict-06-t1-l03-ep09-q-2-a-4.jpg
129	ict-06-t1-l03-ep09	ict-06-t1-l03-ep09-q-4-a-1.jpg
129	ict-06-t1-l03-ep09	ict-06-t1-l03-ep09-q-4-a-2.jpg
129	ict-06-t1-l03-ep09	ict-06-t1-l03-ep09-q-4-a-3.jpg
129	ict-06-t1-l03-ep09	ict-06-t1-l03-ep09-q-4-a-4.jpg
131	ict-06-t1-l04-ep11	ict-06-t1-l04-ep11-q-4-a-1.jpg
131	ict-06-t1-l04-ep11	ict-06-t1-l04-ep11-q-4-a-2.jpg
131	ict-06-t1-l04-ep11	ict-06-t1-l04-ep11-q-4-a-3.jpg
131	ict-06-t1-l04-ep11	ict-06-t1-l04-ep11-q-4-a-4.jpg
131	ict-06-t1-l04-ep11	ict-06-t1-l04-ep11-q-5-a-1.jpg
131	ict-06-t1-l04-ep11	ict-06-t1-l04-ep11-q-5-a-2.jpg
131	ict-06-t1-l04-ep11	ict-06-t1-l04-ep11-q-5-a-3.jpg
131	ict-06-t1-l04-ep11	ict-06-t1-l04-ep11-q-5-a-4.jpg
132	ict-06-t2-l04-ep01	ict-06-t2-l04-ep01-q-3-a-1.jpg
132	ict-06-t2-l04-ep01	ict-06-t2-l04-ep01-q-3-a-2.jpg
132	ict-06-t2-l04-ep01	ict-06-t2-l04-ep01-q-3-a-3.jpg
132	ict-06-t2-l04-ep01	ict-06-t2-l04-ep01-q-3-a-4.jpg
132	ict-06-t2-l04-ep01	ict-06-t2-l04-ep01-q-5-a-1.jpg
132	ict-06-t2-l04-ep01	ict-06-t2-l04-ep01-q-5-a-2.jpg
132	ict-06-t2-l04-ep01	ict-06-t2-l04-ep01-q-5-a-3.jpg
132	ict-06-t2-l04-ep01	ict-06-t2-l04-ep01-q-5-a-4.jpg
133	ict-06-t2-l04-ep02	ict-06-t2-l04-ep02-q-1-a-1.jpg
133	ict-06-t2-l04-ep02	ict-06-t2-l04-ep02-q-1-a-2.jpg
133	ict-06-t2-l04-ep02	ict-06-t2-l04-ep02-q-1-a-3.jpg
133	ict-06-t2-l04-ep02	ict-06-t2-l04-ep02-q-1-a-4.jpg
134	ict-06-t2-l04-ep03	ict-06-t2-l04-ep03-q-4-a-1.jpg
134	ict-06-t2-l04-ep03	ict-06-t2-l04-ep03-q-4-a-2.jpg
134	ict-06-t2-l04-ep03	ict-06-t2-l04-ep03-q-4-a-3.jpg
134	ict-06-t2-l04-ep03	ict-06-t2-l04-ep03-q-4-a-4.jpg
139	ict-06-t2-l05-ep08	ict-06-t2-l05-ep08-q-3-a-1.jpg
139	ict-06-t2-l05-ep08	ict-06-t2-l05-ep08-q-3-a-2.jpg
139	ict-06-t2-l05-ep08	ict-06-t2-l05-ep08-q-3-a-3.jpg
139	ict-06-t2-l05-ep08	ict-06-t2-l05-ep08-q-3-a-4.jpg
139	ict-06-t2-l05-ep08	ict-06-t2-l05-ep08-q-4-a-1.jpg
139	ict-06-t2-l05-ep08	ict-06-t2-l05-ep08-q-4-a-2.jpg
139	ict-06-t2-l05-ep08	ict-06-t2-l05-ep08-q-4-a-3.jpg
139	ict-06-t2-l05-ep08	ict-06-t2-l05-ep08-q-4-a-4.jpg
149	ict-06-t3-l06-ep09	ict-06-t3-l06-ep09-q-5-a-1.jpg
149	ict-06-t3-l06-ep09	ict-06-t3-l06-ep09-q-5-a-2.jpg
149	ict-06-t3-l06-ep09	ict-06-t3-l06-ep09-q-5-a-3.jpg
149	ict-06-t3-l06-ep09	ict-06-t3-l06-ep09-q-5-a-4.jpg
395	maths-06-t1-l01-ep02	maths-06-t1-l01-ep02-q-5-a-1.jpg
395	maths-06-t1-l01-ep02	maths-06-t1-l01-ep02-q-5-a-2.jpg
395	maths-06-t1-l01-ep02	maths-06-t1-l01-ep02-q-5-a-3.jpg
395	maths-06-t1-l01-ep02	maths-06-t1-l01-ep02-q-5-a-4.jpg
419	maths-06-t1-l07-ep26	maths-06-t1-l07-ep26-q-2-a-1.jpg
419	maths-06-t1-l07-ep26	maths-06-t1-l07-ep26-q-2-a-2.jpg
419	maths-06-t1-l07-ep26	maths-06-t1-l07-ep26-q-2-a-3.jpg
419	maths-06-t1-l07-ep26	maths-06-t1-l07-ep26-q-2-a-4.jpg
419	maths-06-t1-l07-ep26	maths-06-t1-l07-ep26-q-4-a-1.jpg
419	maths-06-t1-l07-ep26	maths-06-t1-l07-ep26-q-4-a-2.jpg
419	maths-06-t1-l07-ep26	maths-06-t1-l07-ep26-q-4-a-3.jpg
419	maths-06-t1-l07-ep26	maths-06-t1-l07-ep26-q-5-a-4.jpg
434	maths-06-t2-l12-ep11	maths-06-t2-l12-ep11-q-1-a-1.jpg
434	maths-06-t2-l12-ep11	maths-06-t2-l12-ep11-q-1-a-2.jpg
434	maths-06-t2-l12-ep11	maths-06-t2-l12-ep11-q-1-a-3.jpg
434	maths-06-t2-l12-ep11	maths-06-t2-l12-ep11-q-1-a-4.jpg
434	maths-06-t2-l12-ep11	maths-06-t2-l12-ep11-q-2-a-1.jpg
434	maths-06-t2-l12-ep11	maths-06-t2-l12-ep11-q-2-a-2.jpg
434	maths-06-t2-l12-ep11	maths-06-t2-l12-ep11-q-2-a-3.jpg
434	maths-06-t2-l12-ep11	maths-06-t2-l12-ep11-q-2-a-4.jpg
434	maths-06-t2-l12-ep11	maths-06-t2-l12-ep11-q-3-a-1.jpg
434	maths-06-t2-l12-ep11	maths-06-t2-l12-ep11-q-3-a-2.jpg
434	maths-06-t2-l12-ep11	maths-06-t2-l12-ep11-q-3-a-3.jpg
434	maths-06-t2-l12-ep11	maths-06-t2-l12-ep11-q-3-a-4.jpg
434	maths-06-t2-l12-ep11	maths-06-t2-l12-ep11-q-4-a-1.jpg
434	maths-06-t2-l12-ep11	maths-06-t2-l12-ep11-q-4-a-2.jpg
434	maths-06-t2-l12-ep11	maths-06-t2-l12-ep11-q-4-a-3.jpg
434	maths-06-t2-l12-ep11	maths-06-t2-l12-ep11-q-4-a-4.jpg
434	maths-06-t2-l12-ep11	maths-06-t2-l12-ep11-q-5-a-1.jpg
434	maths-06-t2-l12-ep11	maths-06-t2-l12-ep11-q-5-a-2.jpg
434	maths-06-t2-l12-ep11	maths-06-t2-l12-ep11-q-5-a-3.jpg
434	maths-06-t2-l12-ep11	maths-06-t2-l12-ep11-q-5-a-4.jpg
468	maths-06-t3-l22-ep16	maths-06-t3-l22-ep16-q-1-a-1.jpg
468	maths-06-t3-l22-ep16	maths-06-t3-l22-ep16-q-1-a-2.jpg
468	maths-06-t3-l22-ep16	maths-06-t3-l22-ep16-q-1-a-3.jpg
468	maths-06-t3-l22-ep16	maths-06-t3-l22-ep16-q-1-a-4.jpg
468	maths-06-t3-l22-ep16	maths-06-t3-l22-ep16-q-2-a-1.jpg
468	maths-06-t3-l22-ep16	maths-06-t3-l22-ep16-q-2-a-2.jpg
468	maths-06-t3-l22-ep16	maths-06-t3-l22-ep16-q-2-a-3.jpg
468	maths-06-t3-l22-ep16	maths-06-t3-l22-ep16-q-2-a-4.jpg
160	science-06-t1-l02-ep10	science-06-t1-l02-ep10-q-4-a-1.jpg
160	science-06-t1-l02-ep10	science-06-t1-l02-ep10-q-4-a-2.jpg
160	science-06-t1-l02-ep10	science-06-t1-l02-ep10-q-4-a-3.jpg
160	science-06-t1-l02-ep10	science-06-t1-l02-ep10-q-4-a-4.jpg
162	science-06-t1-l03-ep12	science-06-t1-l03-ep12-q-1-a-1.jpg
162	science-06-t1-l03-ep12	science-06-t1-l03-ep12-q-1-a-2.jpg
162	science-06-t1-l03-ep12	science-06-t1-l03-ep12-q-1-a-3.jpg
162	science-06-t1-l03-ep12	science-06-t1-l03-ep12-q-1-a-4.jpg
162	science-06-t1-l03-ep12	science-06-t1-l03-ep12-q-2-a-1.jpg
162	science-06-t1-l03-ep12	science-06-t1-l03-ep12-q-2-a-2.jpg
162	science-06-t1-l03-ep12	science-06-t1-l03-ep12-q-2-a-3.jpg
162	science-06-t1-l03-ep12	science-06-t1-l03-ep12-q-2-a-4.jpg
162	science-06-t1-l03-ep12	science-06-t1-l03-ep12-q-3-a-1.jpg
162	science-06-t1-l03-ep12	science-06-t1-l03-ep12-q-3-a-2.jpg
162	science-06-t1-l03-ep12	science-06-t1-l03-ep12-q-3-a-3.jpg
162	science-06-t1-l03-ep12	science-06-t1-l03-ep12-q-3-a-4.jpg
179	science-06-t1-l05-ep29	science-06-t1-l05-ep29-q-5-a-1.jpg
179	science-06-t1-l05-ep29	science-06-t1-l05-ep29-q-5-a-2.jpg
179	science-06-t1-l05-ep29	science-06-t1-l05-ep29-q-5-a-3.jpg
179	science-06-t1-l05-ep29	science-06-t1-l05-ep29-q-5-a-4.jpg
193	science-06-t2-l07-ep13	science-06-t2-l07-ep13-q-4-a-1.jpg
193	science-06-t2-l07-ep13	science-06-t2-l07-ep13-q-4-a-2.jpg
193	science-06-t2-l07-ep13	science-06-t2-l07-ep13-q-4-a-3.jpg
193	science-06-t2-l07-ep13	science-06-t2-l07-ep13-q-4-a-4.jpg
193	science-06-t2-l07-ep13	science-06-t2-l07-ep13-q-5-a-1.jpg
193	science-06-t2-l07-ep13	science-06-t2-l07-ep13-q-5-a-2.jpg
193	science-06-t2-l07-ep13	science-06-t2-l07-ep13-q-5-a-3.jpg
193	science-06-t2-l07-ep13	science-06-t2-l07-ep13-q-5-a-4.jpg
203	science-06-t2-l08-ep23	science-06-t2-l08-ep23-q-4-a-1.jpg
203	science-06-t2-l08-ep23	science-06-t2-l08-ep23-q-4-a-2.jpg
203	science-06-t2-l08-ep23	science-06-t2-l08-ep23-q-4-a-3.jpg
203	science-06-t2-l08-ep23	science-06-t2-l08-ep23-q-4-a-4.jpg
204	science-06-t2-l08-ep24	science-06-t2-l08-ep24-q-1-a-1.jpg
204	science-06-t2-l08-ep24	science-06-t2-l08-ep24-q-1-a-2.jpg
204	science-06-t2-l08-ep24	science-06-t2-l08-ep24-q-1-a-3.jpg
204	science-06-t2-l08-ep24	science-06-t2-l08-ep24-q-1-a-4.jpg
204	science-06-t2-l08-ep24	science-06-t2-l08-ep24-q-4-a-1.jpg
204	science-06-t2-l08-ep24	science-06-t2-l08-ep24-q-4-a-2.jpg
204	science-06-t2-l08-ep24	science-06-t2-l08-ep24-q-4-a-3.jpg
204	science-06-t2-l08-ep24	science-06-t2-l08-ep24-q-4-a-4.jpg
205	science-06-t2-l08-ep25	science-06-t2-l08-ep25-q-3-a-1.jpg
205	science-06-t2-l08-ep25	science-06-t2-l08-ep25-q-3-a-2.jpg
205	science-06-t2-l08-ep25	science-06-t2-l08-ep25-q-3-a-3.jpg
205	science-06-t2-l08-ep25	science-06-t2-l08-ep25-q-3-a-4.jpg
207	science-06-t2-l08-ep27	science-06-t2-l08-ep27-q-5-a-1.jpg
207	science-06-t2-l08-ep27	science-06-t2-l08-ep27-q-5-a-2.jpg
207	science-06-t2-l08-ep27	science-06-t2-l08-ep27-q-5-a-3.jpg
207	science-06-t2-l08-ep27	science-06-t2-l08-ep27-q-5-a-4.jpg
208	science-06-t2-l08-ep28	science-06-t2-l08-ep28-q-2-a-1.jpg
208	science-06-t2-l08-ep28	science-06-t2-l08-ep28-q-2-a-2.jpg
208	science-06-t2-l08-ep28	science-06-t2-l08-ep28-q-2-a-3.jpg
208	science-06-t2-l08-ep28	science-06-t2-l08-ep28-q-2-a-4.jpg
213	science-06-t3-l09-ep03	science-06-t3-l09-ep03-q-4-a-1.jpg
213	science-06-t3-l09-ep03	science-06-t3-l09-ep03-q-4-a-2.jpg
213	science-06-t3-l09-ep03	science-06-t3-l09-ep03-q-4-a-3.jpg
213	science-06-t3-l09-ep03	science-06-t3-l09-ep03-q-4-a-4.jpg
221	science-06-t3-l10-ep11	science-06-t3-l10-ep11-q-4-a-1.jpg
221	science-06-t3-l10-ep11	science-06-t3-l10-ep11-q-4-a-2.jpg
221	science-06-t3-l10-ep11	science-06-t3-l10-ep11-q-4-a-3.jpg
221	science-06-t3-l10-ep11	science-06-t3-l10-ep11-q-4-a-4.jpg
510	tamil-06-t2-l06-ep01	tamil-06-t2-l06-ep01-a1.jpg
510	tamil-06-t2-l06-ep01	tamil-06-t2-l06-ep01-a2.jpg
510	tamil-06-t2-l06-ep01	tamil-06-t2-l06-ep01-a3.jpg
510	tamil-06-t2-l06-ep01	tamil-06-t2-l06-ep01-a4.jpg
514	tamil-06-t2-l07-ep05	tamil-06-t2-l07-ep05-a1.jpg
514	tamil-06-t2-l07-ep05	tamil-06-t2-l07-ep05-a2.jpg
514	tamil-06-t2-l07-ep05	tamil-06-t2-l07-ep05-a3.jpg
514	tamil-06-t2-l07-ep05	tamil-06-t2-l07-ep05-a4.jpg
515	tamil-06-t2-l07-ep06	tamil-06-t2-l07-ep06-a1.jpg
515	tamil-06-t2-l07-ep06	tamil-06-t2-l07-ep06-a2.jpg
515	tamil-06-t2-l07-ep06	tamil-06-t2-l07-ep06-a3.jpg
515	tamil-06-t2-l07-ep06	tamil-06-t2-l07-ep06-a4.jpg
519	tamil-06-t2-l08-ep10	tamil-06-t2-l08-ep10-a1.jpg
519	tamil-06-t2-l08-ep10	tamil-06-t2-l08-ep10-a2.jpg
519	tamil-06-t2-l08-ep10	tamil-06-t2-l08-ep10-a3.jpg
519	tamil-06-t2-l08-ep10	tamil-06-t2-l08-ep10-a4.jpg
522	tamil-06-t2-l08-ep13	tamil-06-t2-l08-ep13-a1.jpg
522	tamil-06-t2-l08-ep13	tamil-06-t2-l08-ep13-a2.jpg
522	tamil-06-t2-l08-ep13	tamil-06-t2-l08-ep13-a3.jpg
522	tamil-06-t2-l08-ep13	tamil-06-t2-l08-ep13-a4.jpg
